Habitat,Area_m2,PercentCover
No Data,9585.10653704000,3.12
Sand,265144.46598300000,86.26
Vegetation/Sand,32632.61426620000,10.62
