Habitat,Area_m2
Boulders,1411.11573058000
Large Woody Debris,2602.28096847000
No Data,14818.94480440000
Sandy Loam,105187.47954200000
Undetermined,3888.44827027000
Vegetation,65342.77124800000
