Habitat,Area_m2,Percent_Cover
No Data,14887.53544,12.43
Sand,38845.02388,32.44
Vegetation,44716.55151,37.35
Vegetation/Sand,21284.02909,17.78
