Habitat,Area_m2
Coarse Sand/Gravel,44153.38358
Island,813.0651102
Large Cobble/Boulder,16844.74229
Large Woody Debris,1727.948532
No Data,2575.514325
Silt,182848.7287
Vegetation,56106.77842
